{"1": {"type": "vehicle", "position": {"x": 119.40508972352539, "y": 17.0}, "goal_position": {"x": 91.58911123337306, "y": 3.1767548315695073}, "heading_angle": 0.0, "length": 60.0, "width": 30.0, "velocity": 0.0, "acceleration": 0.0, "steering_angle": 0.0, "front_overhang": 5.0, "rear_overhang": 5.0, "omega": 0.0, "origin": {"x": 89.40508972352539, "y": 17.0}}, "2": {"type": "vehicle", "position": {"x": -94.77378079783541, "y": 17.0}, "goal_position": {"x": 98.64724759952475, "y": -12.493700407951582}, "heading_angle": 0.0, "length": 60.0, "width": 30.0, "velocity": 0.0, "acceleration": 0.0, "steering_angle": 0.0, "front_overhang": 5.0, "rear_overhang": 5.0, "omega": 0.0, "origin": {"x": -124.77378079783541, "y": 17.0}}, "3": {"type": "vehicle", "position": {"x": 112.98247826294825, "y": 17.0}, "goal_position": {"x": -94.97707110855487, "y": -12.163379866878905}, "heading_angle": 0.0, "length": 60.0, "width": 30.0, "velocity": 0.0, "acceleration": 0.0, "steering_angle": 0.0, "front_overhang": 5.0, "rear_overhang": 5.0, "omega": 0.0, "origin": {"x": 82.98247826294825, "y": 17.0}}, "4": {"type": "vehicle", "position": {"x": 222.7134506670243, "y": 17.0}, "goal_position": {"x": 112.30226433725763, "y": 11.260280753558083}, "heading_angle": 0.0, "length": 60.0, "width": 30.0, "velocity": 0.0, "acceleration": 0.0, "steering_angle": 0.0, "front_overhang": 5.0, "rear_overhang": 5.0, "omega": 0.0, "origin": {"x": 192.7134506670243, "y": 17.0}}, "5": {"type": "vehicle", "position": {"x": 104.86848332207367, "y": 17.0}, "goal_position": {"x": -74.33689994821663, "y": 3.181334445203566}, "heading_angle": 0.0, "length": 60.0, "width": 30.0, "velocity": 0.0, "acceleration": 0.0, "steering_angle": 0.0, "front_overhang": 5.0, "rear_overhang": 5.0, "omega": 0.0, "origin": {"x": 74.86848332207367, "y": 17.0}}, "6": {"type": "vehicle", "position": {"x": 112.70268828419147, "y": 3.5788989197326253}, "goal_position": {"x": 120.3976226996165, "y": 8.659039619562686}, "heading_angle": 356.47168857822845, "length": 60.0, "width": 30.0, "velocity": 0.0, "acceleration": -0.0, "steering_angle": 8.978853683730708, "front_overhang": 5.0, "rear_overhang": 5.0, "omega": 6.921997511786043, "origin": {"x": 82.75955296001145, "y": 5.4251510579420055}}, "7": {"type": "vehicle", "position": {"x": 166.81561729106127, "y": 17.0}, "goal_position": {"x": -87.58226157720226, "y": 27.250629129959975}, "heading_angle": 0.0, "length": 60.0, "width": 30.0, "velocity": 0.0, "acceleration": 0.0, "steering_angle": 0.0, "front_overhang": 5.0, "rear_overhang": 5.0, "omega": 0.0, "origin": {"x": 136.81561729106127, "y": 17.0}}, "8": {"type": "vehicle", "position": {"x": 368.97586926144385, "y": 14.870973596625277}, "goal_position": {"x": 109.98527455802669, "y": 24.6520314295007}, "heading_angle": 265.4441630204858, "length": 60.0, "width": 30.0, "velocity": 62.26095731164402, "acceleration": 2.372546762454272, "steering_angle": 83.40235417997816, "front_overhang": 5.0, "rear_overhang": 5.0, "omega": -3.6304784108027564, "origin": {"x": 371.35878705968463, "y": 44.77618556321778}}, "9": {"type": "vehicle", "position": {"x": 140.30999970181912, "y": 17.0}, "goal_position": {"x": -98.56336398845269, "y": 22.230186282550893}, "heading_angle": 0.0, "length": 60.0, "width": 30.0, "velocity": 0.0, "acceleration": 0.0, "steering_angle": 0.0, "front_overhang": 5.0, "rear_overhang": 5.0, "omega": 0.0, "origin": {"x": 110.30999970181912, "y": 17.0}}, "10": {"type": "vehicle", "position": {"x": 97.62639801415655, "y": 17.0}, "goal_position": {"x": 77.69509456830689, "y": 18.155762230111804}, "heading_angle": 0.0, "length": 60.0, "width": 30.0, "velocity": 0.0, "acceleration": 0.0, "steering_angle": 0.0, "front_overhang": 5.0, "rear_overhang": 5.0, "omega": 0.0, "origin": {"x": 67.62639801415655, "y": 17.0}}, "11": {"type": "vehicle", "position": {"x": 153.28420024757293, "y": 17.0}, "goal_position": {"x": -103.36858305970574, "y": -11.401408707478453}, "heading_angle": 0.0, "length": 60.0, "width": 30.0, "velocity": 0.0, "acceleration": 0.0, "steering_angle": 0.0, "front_overhang": 5.0, "rear_overhang": 5.0, "omega": 0.0, "origin": {"x": 123.28420024757293, "y": 17.0}}, "12": {"type": "vehicle", "position": {"x": 245.88872331157404, "y": -56.87740822815671}, "goal_position": {"x": -151.7482562741613, "y": -4.298561350214676}, "heading_angle": 296.73112266176514, "length": 60.0, "width": 30.0, "velocity": 72.9665729507976, "acceleration": 4.0893517344522134, "steering_angle": -79.21308942456021, "front_overhang": 5.0, "rear_overhang": 5.0, "omega": -10.0, "origin": {"x": 232.3945971520578, "y": -30.083592538877596}}, "13": {"type": "vehicle", "position": {"x": -215.73789876868491, "y": 17.0}, "goal_position": {"x": 96.0012636723477, "y": 27.64256493277192}, "heading_angle": 0.0, "length": 60.0, "width": 30.0, "velocity": 0.0, "acceleration": 0.0, "steering_angle": 0.0, "front_overhang": 5.0, "rear_overhang": 5.0, "omega": 0.0, "origin": {"x": -245.73789876868491, "y": 17.0}}, "14": {"type": "vehicle", "position": {"x": 117.03718980268978, "y": 17.149639298111506}, "goal_position": {"x": 152.55461461143426, "y": 21.671760477035086}, "heading_angle": 0.2702865477190314, "length": 60.0, "width": 30.0, "velocity": 1.777960068363307, "acceleration": 0.35981742932261407, "steering_angle": 6.007440358269949, "front_overhang": 5.0, "rear_overhang": 5.0, "omega": 1.394694843965997, "origin": {"x": 87.03752360862262, "y": 17.00811811756313}}, "15": {"type": "vehicle", "position": {"x": 97.21000104055119, "y": 17.0}, "goal_position": {"x": 115.47483170546424, "y": 12.438890392727194}, "heading_angle": 0.0, "length": 60.0, "width": 30.0, "velocity": 0.0, "acceleration": 0.0, "steering_angle": 0.0, "front_overhang": 5.0, "rear_overhang": 5.0, "omega": 0.0, "origin": {"x": 67.21000104055119, "y": 17.0}}, "16": {"type": "vehicle", "position": {"x": -85.68614400714688, "y": 17.0}, "goal_position": {"x": -92.22076377089763, "y": 8.140359814440126}, "heading_angle": 0.0, "length": 60.0, "width": 30.0, "velocity": 0.0, "acceleration": 0.0, "steering_angle": 0.0, "front_overhang": 5.0, "rear_overhang": 5.0, "omega": 0.0, "origin": {"x": -115.68614400714688, "y": 17.0}}, "17": {"type": "vehicle", "position": {"x": 138.7018022189173, "y": 17.0}, "goal_position": {"x": 146.32994744064996, "y": 9.104117835487159}, "heading_angle": 0.0, "length": 60.0, "width": 30.0, "velocity": 0.0, "acceleration": 0.0, "steering_angle": 0.0, "front_overhang": 5.0, "rear_overhang": 5.0, "omega": 0.0, "origin": {"x": 108.7018022189173, "y": 17.0}}, "18": {"type": "vehicle", "position": {"x": 138.7919398764442, "y": 21.19651626929305}, "goal_position": {"x": -98.19164409523097, "y": 33.73300070676339}, "heading_angle": 320.77053295453663, "length": 60.0, "width": 30.0, "velocity": 29.51402779888202, "acceleration": 2.240304527292048, "steering_angle": 84.24168369498544, "front_overhang": 5.0, "rear_overhang": 5.0, "omega": -10.0, "origin": {"x": 115.55335981204584, "y": 40.169349389060564}}, "19": {"type": "vehicle", "position": {"x": 164.38712985144554, "y": 17.0}, "goal_position": {"x": -106.51541829163253, "y": 26.324846476356356}, "heading_angle": 0.0, "length": 60.0, "width": 30.0, "velocity": 0.0, "acceleration": 0.0, "steering_angle": 0.0, "front_overhang": 5.0, "rear_overhang": 5.0, "omega": 0.0, "origin": {"x": 134.38712985144554, "y": 17.0}}, "20": {"type": "vehicle", "position": {"x": -112.47409122726071, "y": 23.997789189580256}, "goal_position": {"x": -84.57015684677717, "y": 22.261055778158628}, "heading_angle": 4.357836062164632, "length": 60.0, "width": 30.0, "velocity": 14.768702655482121, "acceleration": 0.29420544085591416, "steering_angle": 0.5199115107422835, "front_overhang": 5.0, "rear_overhang": 5.0, "omega": -1.3756395931496446, "origin": {"x": -142.3873594195621, "y": 21.71823088687113}}, "21": {"type": "vehicle", "position": {"x": -116.15356706191362, "y": 17.0}, "goal_position": {"x": -230.65857883735166,